Workbook

Sheet 📊 Dashboard
B1: Omni Strategic Technologies — Baseline 0 Verification Playbook
B2: Inforcer Baseline Documentation | Generated 2026-06-12 | 48 policies across 4 products | Sourced from Microsoft Learn
B4: Total Policies | C4: Not Verified | D4: In Progress | E4: Verified | F4: % Verified
B5: =COUNTA('✅ Baseline'!A:A)-1 -> 49 | C5: =COUNTIF('✅ Baseline'!J:J,"Not Verified") -> 48 | D5: =COUNTIF('✅ Baseline'!J:J,"In Progress") -> 0 | E5: =COUNTIF('✅ Baseline'!J:J,"Verified") -> 0 | F5: =IFERROR(E5/B5,0) -> 0
B7: Progress by Product
B8: Product | C8: Total | D8: Verified | E8: In Progress | F8: % Done
B9: Entra | C9: =COUNTIF('✅ Baseline'!B:B,"Entra") -> 12 | D9: =COUNTIFS('✅ Baseline'!B:B,"Entra",'✅ Baseline'!J:J,"Verified") -> 0 | E9: =COUNTIFS('✅ Baseline'!B:B,"Entra",'✅ Baseline'!J:J,"In Progress") -> 0 | F9: =IFERROR(D9/C9,0) -> 0
B10: M365 Admin Center | C10: =COUNTIF('✅ Baseline'!B:B,"M365 Admin Center") -> 29 | D10: =COUNTIFS('✅ Baseline'!B:B,"M365 Admin Center",'✅ Baseline'!J:J,"Verified") -> 0 | E10: =COUNTIFS('✅ Baseline'!B:B,"M365 Admin Center",'✅ Baseline'!J:J,"In Progress") -> 0 | F10: =IFERROR(D10/C10,0) -> 0
B11: Purview | C11: =COUNTIF('✅ Baseline'!B:B,"Purview") -> 1 | D11: =COUNTIFS('✅ Baseline'!B:B,"Purview",'✅ Baseline'!J:J,"Verified") -> 0 | E11: =COUNTIFS('✅ Baseline'!B:B,"Purview",'✅ Baseline'!J:J,"In Progress") -> 0 | F11: =IFERROR(D11/C11,0) -> 0
B12: SharePoint | C12: =COUNTIF('✅ Baseline'!B:B,"SharePoint") -> 6 | D12: =COUNTIFS('✅ Baseline'!B:B,"SharePoint",'✅ Baseline'!J:J,"Verified") -> 0 | E12: =COUNTIFS('✅ Baseline'!B:B,"SharePoint",'✅ Baseline'!J:J,"In Progress") -> 0 | F12: =IFERROR(D12/C12,0) -> 0
B15: Impact & Status Legend
B16: HIGH Impact | C16: MEDIUM Impact | D16: LOW Impact | E16: Drift Detected | F16: Not Verified

Sheet ✅ Baseline
A1: Omni Strategic Technologies — Inforcer Baseline 0 Configuration Snapshot | 2026-06-12 | Impact sourced from Microsoft Learn
A2: # | B2: Product | C2: Category | D2: Policy Name | E2: Impact | F2: What It Does | G2: Current Settings (Baseline 0) | H2: Portal Path | I2: Notes / Verification Tips | J2: Status | K2: Verified Date | L2: Tech | M2: Drift / Change Notes
A3: 1 | B3: Entra | C3: Authentication Methods | D3: System-preferred MFA | E3: MEDIUM | F3: Runs an MFA registration campaign that nudges users to set up Microsoft Authenticator during sign-in. Users who haven't registered Authenticator see a persistent prompt after each MFA event, with a configurable snooze period (currently 1 day). After the configured number of snoozes, registration becomes mandatory. Targets a scoped include/exclude group list. | G3: Registration Enforcement: enabled | Snooze Duration: 1 day | Exclude Targets: 1 | Include Targets: 1 | H3: Entra ID > Protection > Authentication Methods > Registration Campaign | I3: Users without Authenticator will see a daily sign-in interrupt until they register. Existing Authenticator users see number-matching prompts. Snooze can be indefinite or limited — verify the enforceRegistrationAfterAllowedSnoozes setting. | J3: Not Verified
A4: 2 | B4: Entra | C4: Authentication Methods | D4: Multifactor authentication | E4: HIGH | F4: Sets MFA as required at the tenant level for all users (MultiFactorAuthConfiguration = required). This is the tenant-wide foundational MFA enforcement policy — a baseline requirement that applies before any Conditional Access policy evaluation. Without this, users can sign in with only a password. | G4: Multi Factor Auth Configuration: required | H4: Entra ID > Protection > Authentication Methods > Settings | I4: All users without a registered MFA method will be forced to enroll on next sign-in. Combined with Conditional Access MFA policies, this is the bedrock of the MFA rollout. Any user currently using password-only auth will be interrupted immediately. | J4: Not Verified
A5: 3 | B5: Entra | C5: Authentication Methods | D5: Password Protection | E5: LOW | F5: Enables Microsoft Entra Password Protection: a global banned password list (maintained by Microsoft based on spray attack data) plus a configurable custom banned list is checked on every password change or reset. Smart lockout is configured — account is locked for 60 seconds after 10 failed attempts. Inforcer metadata: Disable Delete = True, Disable Rename = True (this policy object is protected from modification). | G5: Disable Delete: True | Disable Deploy: False | Disable Rename: True | H5: Entra ID > Protection > Authentication Methods > Password Protection | I5: Users won't notice unless they attempt to set a banned password — at which point the password is rejected. Users who enter wrong passwords 10+ times are locked out for 60 seconds. The Inforcer metadata flags mean this policy cannot be deleted or renamed through the baseline. | J5: Not Verified
A6: 4 | B6: Entra | C6: Authentication Strengths | D6: Inforcer - Authentication | E6: LOW | F6: Defines a custom Authentication Strength policy for the tenant that allows only strong or phishing-resistant MFA combinations: Windows Hello for Business, FIDO2 security keys, device-based push, Temporary Access Pass (one-time), Microsoft Authenticator push, software OATH tokens, and hardware OATH tokens. This strength definition is referenced by Conditional Access policies that require elevated assurance — particularly for admin access. | G6: Policy Type: custom | Requirements Satisfied: mfa | Allowed Combinations: WHfB, FIDO2, Device-based Push, TAP (one-time), MS Authenticator Push, Software OATH, Hardware OATH | Created: 4/29/2026 | H6: Entra ID > Protection > Authentication Strengths | I6: No direct user impact from this definition alone — impact is delivered through the CA policies that reference it. Verify the CA policies (Core - Allow - MFA for Admins) are actively using this strength definition. Read Only: False — can be modified if needed. | J6: Not Verified
A7: 5 | B7: Entra | C7: Device Settings | D7: Windows LAPS | E7: LOW | F7: Enables Microsoft's Local Administrator Password Solution (LAPS) at the Entra tenant level (IsEnabled = True). This is the tenant-side prerequisite that allows Windows devices (Entra joined or Hybrid joined) to back up their local administrator passwords to Entra ID. Without this toggle enabled, Intune LAPS policies cannot function. Passwords are stored encrypted and accessible only to authorized roles (Cloud Device Admin, Intune Admin, Helpdesk Admin). | G7: Is Enabled: True | H7: Entra ID > Devices > Device Settings > Enable Local Administrator Password Solution (LAPS) | I7: Invisible to end users — admin-only change. IT support staff retrieve local admin credentials from Entra ID rather than using a shared known password. Requires a companion Intune LAPS policy to actually configure the password rotation schedule and backup settings on each device. | J7: Not Verified
A8: 6 | B8: Entra | C8: Device Settings | D8: User registration allowed | E8: LOW | F8: Controls whether standard users can register devices with Entra ID (UserAllowedToRegister setting). Currently using the default value — not explicitly overridden. By default, all users can register devices. This is a permissive setting that enables standard Autopilot and BYOD enrollment workflows. | G8: User Allowed To Register: (default — not explicitly set) | H8: Entra ID > Devices > Device Settings | I8: No restrictive impact — this is a permissive setting. If a stricter posture is required (e.g., only Intune-enrolled corporate devices), this should be explicitly set to restrict registration. | J8: Not Verified
A9: 7 | B9: Entra | C9: Device Settings | D9: Device limit per user | E9: LOW | F9: Sets the maximum number of devices a single user can register in Entra ID to 10. This caps BYOD and personal device registration sprawl. The Inforcer Tier 1 baseline default is 20 — this tenant has it set to 10, which is more restrictive. | G9: User Device Quota: 10 | H9: Entra ID > Devices > Device Settings > Maximum number of devices per user | I9: No visible impact for the vast majority of users — only relevant for users who register large numbers of devices. Note: this tenant's setting (10) differs from the Inforcer Tier 1 default (20). Verify whether this is a deliberate customization. | J9: Not Verified
A10: 8 | B10: Entra | C10: Enterprise Applications | D10: Admin consent requests | E10: MEDIUM | F10: Enables the admin consent workflow (IsEnabled = True). When a user attempts to grant permissions to a third-party app that requires admin consent, instead of being blocked entirely, they can submit an approval request. Configured with 3 designated reviewers, 30-day request expiry, email notifications enabled, and reminders enabled. Reviewers receive notifications and can approve or deny requests from the Entra admin center. | G10: Is Enabled: True | Notify Reviewers: True | Reminders Enabled: True | Request Duration: 30 days | Reviewers: 3 items | H10: Entra ID > Enterprise Applications > Consent and Permissions > Admin Consent Settings | I10: Users attempting to grant broad third-party app permissions will see a workflow to submit a request rather than being blocked outright. Admins (reviewers) receive email notifications. Users experience a delay in app access pending review. Verify the 3 reviewers are current and actively monitoring requests. | J10: Not Verified
A11: 9 | B11: Entra | C11: External Identities | D11: External user leave settings | E11: LOW | F11: Allows external guest users to remove themselves from the tenant's Entra directory (AllowExternalIdentitiesToLeave = True). Guests can self-manage their presence without requiring admin action. This is a convenience and privacy setting — it does not affect internal users. | G11: Allow External Identities To Leave: True | H11: Entra ID > External Identities > External Collaboration Settings | I11: No visible change for internal users. External guests can remove themselves from the directory using the My Account portal. No security risk — a guest removing themselves simply revokes their own access. | J11: Not Verified
A12: 10 | B12: Entra | C12: External Identities | D12: Guest user access restrictions | E12: MEDIUM | F12: Restricts who can invite guests to admins and users assigned the Guest Inviter role only (AllowInvitesFrom = adminsAndGuestInviters). Guest user permissions are set to the most restricted level (Role ID: 10dae51f-b6af-4016-8d66-8c2a99b929b3 = Restricted Guest User). Guests cannot enumerate directory contents, see other users, or browse groups — they can only see their own directory object. | G12: Guest User Role ID: 10dae51f-b6af-4016-8d66-8c2a99b929b3 (Restricted Guest) | Allow Invites From: adminsAndGuestInviters | H12: Entra ID > External Identities > External Collaboration Settings | I12: Regular users cannot invite external guests to Teams or SharePoint directly — invitations must go through IT or an admin. Existing guests have minimal directory visibility. Teams that frequently collaborate externally may need to submit requests for guest invitations. | J12: Not Verified
A13: 11 | B13: Entra | C13: Password Reset | D13: Self-service password reset | E13: HIGH | F13: SSPR is currently DISABLED (IsEnabled = False) for this tenant. Self-service password reset allows users to reset their own passwords without calling the helpdesk, using registered authentication methods (Authenticator, email, phone). When disabled, all password resets must go through an admin or helpdesk. Note: this is distinct from SelfServicePassConfig (which disables external sign-up to the tenant) — this is the actual SSPR capability for existing users. | G13: Is Enabled: False | H13: Entra ID > Protection > Password Reset > Properties | I13: ⚠️ HIGH IMPACT: With SSPR disabled, users who are locked out or forget their password must contact IT/helpdesk. This creates ticket volume and delays. Microsoft recommends enabling SSPR alongside MFA enforcement. Verify whether disabling SSPR is intentional for this tenant — if MFA is required (it is), SSPR should be enabled as the secure self-recovery path. | J13: Not Verified
A14: 12 | B14: Entra | C14: User Settings | D14: Default user role permissions | E14: MEDIUM | F14: Restricts default Entra ID user permissions to a least-privilege baseline: users cannot create app registrations (AllowedToCreateApps = False), cannot create security groups (AllowedToCreateSecurityGroups = False), cannot create new Entra tenants (AllowedToCreateTenants = False), and cannot read their own device's BitLocker recovery keys (AllowedToReadBitLockerKeysForOwnedDevice = False). Users can still read basic directory information for other users (AllowedToReadOtherUsers = True). | G14: Allowed To Create Apps: False | Allowed To Create Security Groups: False | Allowed To Create Tenants: False | Allowed To Read Bitlocker Keys For Owned Device: False | Allowed To Read Other Users: True | H14: Entra ID > Users > User Settings | I14: Power users who previously self-registered apps or created security groups without approval will find those options removed. Most standard users won't notice. If a user needs to register an app, they must be assigned the Application Developer role explicitly. BitLocker key self-service is disabled — users must contact helpdesk for key recovery. | J14: Not Verified
... A21: 19 | B21: M365 Admin Center | C21: Org Settings | D21: Guest access | E21: LOW | F21: Sets the directory-level guest user permissions to the most restricted level — guests can only see their own directory object (GuestUserRoleID = 10dae51f-b6af-4016-8d66-8c2a99b929b3). This controls what guest users can discover in the M365 Admin Center directory, aligning with the Entra External Identities guest restriction setting. | G21: Guest User Role ID: 10dae51f-b6af-4016-8d66-8c2a99b929b3 (Restricted Guest User) | H21: M365 Admin Center > Settings > Org Settings > Microsoft 365 Groups | I21: External guests will have minimal visibility into the organisation's directory. No impact on internal users. Consistent with the Entra External Identities configuration. | J21: Not Verified
A22: 20 | B22: M365 Admin Center | C22: Self-Service Trials & Purchases | D22: Dynamics 365 Marketing | E22: LOW | F22: Disables self-service purchase and trial sign-up for this Microsoft product (AllowSelfServicePurchase = Disabled). Users cannot sign up for or purchase this product using their own payment method. Admins retain the ability to assign licenses through the M365 Admin Center. | G22: Policy Value: Disabled | Policy ID: AllowSelfServicePurchase | Product ID: CFQ7TTC0LH3N | H22: M365 Admin Center > Settings > Org Settings > Services > User-owned apps and services | J22: Not Verified
A23: 21 | B23: M365 Admin Center | C23: Self-Service Trials & Purchases | D23: Dynamics 365 Marketing Additional Application | E23: LOW | F23: Disables self-service purchase and trial sign-up for this Microsoft product (AllowSelfServicePurchase = Disabled). | G23: Policy Value: Disabled | Product ID: CFQ7TTC0LHVK | H23: M365 Admin Center > Settings > Org Settings > Services > User-owned apps and services | J23: Not Verified
A24: 22 | B24: M365 Admin Center | C24: Self-Service Trials & Purchases | D24: Dynamics 365 Marketing Additional Non-Prod Application | E24: LOW | F24: Disables self-service purchase and trial sign-up for this Microsoft product (AllowSelfServicePurchase = Disabled). | G24: Policy Value: Disabled | Product ID: CFQ7TTC0LHWM | H24: M365 Admin Center > Settings > Org Settings > Services > User-owned apps and services | J24: Not Verified
A25: 23 | B25: M365 Admin Center | C25: Self-Service Trials & Purchases | D25: Dynamics 365 Marketing Attach | E25: LOW | F25: Disables self-service purchase and trial sign-up for this Microsoft product (AllowSelfServicePurchase = Disabled). | G25: Policy Value: Disabled | Product ID: CFQ7TTC0LHWP | H25: M365 Admin Center > Settings > Org Settings > Services > User-owned apps and services | J25: Not Verified
A26: 24 | B26: M365 Admin Center | C26: Self-Service Trials & Purchases | D26: Microsoft 365 Copilot | E26: LOW | F26: Disables self-service purchase and trial sign-up for this Microsoft product (AllowSelfServicePurchase = Disabled). This is particularly important given Copilot's access to tenant data — preventing users from self-provisioning avoids uncontrolled data access expansion. | G26: Policy Value: Disabled | Product ID: CFQ7TTC0MM8R | H26: M365 Admin Center > Settings > Org Settings > Services > User-owned apps and services | J26: Not Verified
A27: 25 | B27: M365 Admin Center | C27: Self-Service Trials & Purchases | D27: Microsoft 365 F3 | E27: LOW | F27: Disables self-service purchase and trial sign-up for this Microsoft product (AllowSelfServicePurchase = Disabled). | G27: Policy Value: Disabled | Product ID: CFQ7TTC0LH05 | H27: M365 Admin Center > Settings > Org Settings > Services > User-owned apps and services | J27: Not Verified
A28: 26 | B28: M365 Admin Center | C28: Self-Service Trials & Purchases | D28: Microsoft ClipChamp | E28: LOW | F28: Disables self-service purchase and trial sign-up for this Microsoft product (AllowSelfServicePurchase = Disabled). | G28: Policy Value: Disabled | Product ID: CFQ7TTC0N8SS | H28: M365 Admin Center > Settings > Org Settings > Services > User-owned apps and services | J28: Not Verified
A29: 27 | B29: M365 Admin Center | C29: Self-Service Trials & Purchases | D29: Microsoft Purview Discovery | E29: LOW | F29: Disables self-service purchase and trial sign-up for this Microsoft product (AllowSelfServicePurchase = Disabled). | G29: Policy Value: Disabled | Product ID: CFQ7TTC0N8SL | H29: M365 Admin Center > Settings > Org Settings > Services > User-owned apps and services | J29: Not Verified
A30: 28 | B30: M365 Admin Center | C30: Self-Service Trials & Purchases | D30: Power Apps per user | E30: LOW | F30: Disables self-service purchase and trial sign-up for this Microsoft product (AllowSelfServicePurchase = Disabled). | G30: Policy Value: Disabled | Product ID: CFQ7TTC0LH2H | H30: M365 Admin Center > Settings > Org Settings > Services > User-owned apps and services | J30: Not Verified
A31: 29 | B31: M365 Admin Center | C31: Self-Service Trials & Purchases | D31: Power Automate per user | E31: LOW | F31: Disables self-service purchase and trial sign-up for this Microsoft product (AllowSelfServicePurchase = Disabled). | G31: Policy Value: Disabled | Product ID: CFQ7TTC0LH3L | H31: M365 Admin Center > Settings > Org Settings > Services > User-owned apps and services | J31: Not Verified
A32: 30 | B32: M365 Admin Center | C32: Self-Service Trials & Purchases | D32: Power Automate Per User with Attended RPA Plan | E32: LOW | F32: Disables self-service purchase and trial sign-up for this Microsoft product (AllowSelfServicePurchase = Disabled). | G32: Policy Value: Disabled | Product ID: CFQ7TTC0LSGZ | H32: M365 Admin Center > Settings > Org Settings > Services > User-owned apps and services | J32: Not Verified
A33: 31 | B33: M365 Admin Center | C33: Self-Service Trials & Purchases | D33: Power Automate RPA | E33: LOW | F33: Disables self-service purchase and trial sign-up for this Microsoft product (AllowSelfServicePurchase = Disabled). | G33: Policy Value: Disabled | Product ID: CFQ7TTC0KXG6 | H33: M365 Admin Center > Settings > Org Settings > Services > User-owned apps and services | J33: Not Verified
... A48: 46 | B48: M365 Admin Center | C48: Self-Service Trials & Purchases | D48: Windows 365 Enterprise | E48: LOW | F48: Disables self-service purchase and trial sign-up for this Microsoft product (AllowSelfServicePurchase = Disabled). | G48: Policy Value: Disabled | Product ID: CFQ7TTC0HHS9 | H48: M365 Admin Center > Settings > Org Settings > Services > User-owned apps and services | J48: Not Verified
A49: 47 | B49: M365 Admin Center | C49: Settings | D49: Password Expiration Policy | E49: HIGH | F49: Sets passwords to never expire for all users (PasswordsNeverExpire = True, PasswordValidityPeriodInDays = 2147483647). This is aligned with Microsoft's current security guidance: forced periodic password changes lead to weaker passwords (users make predictable incremental changes) and are no longer recommended when MFA is enforced. With MFA in place, credential compromise scenarios that would require password rotation are mitigated by the second factor. | G49: Password Validity Period In Days: 2147483647 (= never expire) | Passwords Never Expire: True | H49: M365 Admin Center > Settings > Org Settings > Security & Privacy > Password expiration policy | I49: Users who previously received periodic password expiry notices will no longer be prompted to change their password. For most users this is a relief. This should be communicated alongside MFA enforcement to reassure users the change is intentional. Verify MFA is active before relying on this policy. | J49: Not Verified
A50: 48 | B50: Purview | C50: Settings | D50: Unified Audit Logging | E50: LOW | F50: Enables the Microsoft 365 Unified Audit Log (UnifiedAuditLogIngestionEnabled = True). The UAL captures all user and admin activity across Exchange Online, SharePoint, OneDrive, Teams, Entra ID, and other M365 services into a single searchable log. Required for incident response, compliance reporting, eDiscovery, and security investigations. Audit records are retained for 90 days by default (E3/BP) or 1 year (E5). Policy GUID: aa07d323-2eeb-45ac-aaee-6f5158d7c780. | G50: Unified Audit Log Ingestion Enabled: True | Policy Type: UnifiedAuditLogging | Enabled: True | H50: Microsoft Purview > Audit > Start Recording User and Admin Activity | I50: Invisible to end users — no change to any user-facing functionality. Required for all forensic investigation and compliance obligations. Without this enabled, there is no audit trail for security incidents. Confirmed active as of 2026-06-12. | J50: Not Verified

Sheet 🛒 Self-Service Products
A1: Self-Service Trials & Purchases — 27 Products (AllowSelfServicePurchase: Disabled)
A2: # | B2: Product Name | C2: Product ID | D2: Policy Value | E2: Status
A3: 1 | B3: Dynamics 365 Marketing | C3: CFQ7TTC0LH3N | D3: Disabled | E3: ✅ Confirmed
A4: 2 | B4: Dynamics 365 Marketing Additional Application | C4: CFQ7TTC0LHVK | D4: Disabled | E4: ✅ Confirmed
A5: 3 | B5: Dynamics 365 Marketing Additional Non-Prod Application | C5: CFQ7TTC0LHWM | D5: Disabled | E5: ✅ Confirmed
A6: 4 | B6: Dynamics 365 Marketing Attach | C6: CFQ7TTC0LHWP | D6: Disabled | E6: ✅ Confirmed
A7: 5 | B7: Microsoft 365 Copilot | C7: CFQ7TTC0MM8R | D7: Disabled | E7: ✅ Confirmed
A8: 6 | B8: Microsoft 365 F3 | C8: CFQ7TTC0LH05 | D8: Disabled | E8: ✅ Confirmed
A9: 7 | B9: Microsoft ClipChamp | C9: CFQ7TTC0N8SS | D9: Disabled | E9: ✅ Confirmed
A10: 8 | B10: Microsoft Purview Discovery | C10: CFQ7TTC0N8SL | D10: Disabled | E10: ✅ Confirmed
A11: 9 | B11: Power Apps per user | C11: CFQ7TTC0LH2H | D11: Disabled | E11: ✅ Confirmed
A12: 10 | B12: Power Automate per user | C12: CFQ7TTC0LH3L | D12: Disabled | E12: ✅ Confirmed
A13: 11 | B13: Power Automate Per User with Attended RPA Plan | C13: CFQ7TTC0LSGZ | D13: Disabled | E13: ✅ Confirmed
A14: 12 | B14: Power Automate RPA | C14: CFQ7TTC0KXG6 | D14: Disabled | E14: ✅ Confirmed
... A29: 27 | B29: Windows 365 Enterprise | C29: CFQ7TTC0HHS9 | D29: Disabled | E29: ✅ Confirmed

Sheet 🚫 Excluded Items
A1: Excluded / N/A Items — Move rows here when a policy does not apply
A2: # | B2: Product | C2: Category | D2: Policy Name | E2: Impact | F2: Reason Excluded | G2: Excluded By

Sheet 📖 How To Use
B1: How To Use — Baseline 0 Verification Playbook
B2: WHAT IS BASELINE 0?
B3: Purpose | C3: This workbook documents the Omni Strategic Technologies Inforcer baseline snapshot generated on 2026-06-12. It captures 48 policies across Entra, SharePoint, M365 Admin Center, and Purview. Impact ratings and 'What It Does' descriptions were researched against Microsoft Learn documentation.
B4: Impact Ratings | C4: HIGH = the policy's current configured state has significant user-facing implications (password expiry, SSPR disabled, MFA required). MEDIUM = moderate user-facing effect, may be noticed by some users. LOW = backend/admin-level change, users unlikely to notice.
B6: COLUMN GUIDE
B7: Impact (E) | C7: HIGH/MEDIUM/LOW based on the functional impact of this policy's current configuration. Sourced from Microsoft Learn docs and cross-referenced with Inforcer's own impact definitions.
B8: What It Does (F) | C8: Plain-English description of what this policy actually does in the tenant — sourced from Microsoft Learn documentation.
B9: Current Settings (G) | C9: The actual configured values extracted from the Inforcer baseline HTML export dated 2026-06-12.
B10: Notes / Verification Tips (I) | C10: Specific things to check or be aware of when verifying this policy. HIGH impact rows are highlighted in red.
B11: Status options | C11: Not Verified | In Progress | Verified | Drift Detected (setting has changed — investigate) | N/A
B13: KEY FINDINGS — REQUIRES ATTENTION
B14: ⚠️ SSPR is DISABLED (HIGH) | C14: Self-service password reset is currently set to Is Enabled: False. With MFA enforced, Microsoft recommends enabling SSPR as the secure self-recovery path. Users locked out or who forget their password must contact helpdesk — creating ticket volume and delays. Verify if this is intentional.
B15: ⚠️ Device quota is 10 (differs from Tier 1) | C15: The Inforcer Tier 1 baseline sets UserDeviceQuota to 20. This tenant has it set to 10. Either confirm this is a deliberate customization or align with the Tier 1 default.
B16: ✅ UAL Confirmed Active | C16: Unified Audit Logging is enabled (Policy GUID: aa07d323-2eeb-45ac-aaee-6f5158d7c780). Verified 2026-06-12.
B17: ✅ MFA Required at Tenant Level | C17: MultiFactorAuthConfiguration = required. All users will be prompted to enroll on next sign-in if not already registered.
B18: ✅ Passwords Never Expire | C18: Correctly set — aligned with Microsoft best practice when MFA is enforced.
B19: ✅ All 27 Self-Service Purchases Blocked | C19: All AllowSelfServicePurchase policies confirmed Disabled. See 🛒 Self-Service Products tab.
B20: ✅ Guest Restrictions in Place | C20: Guest invitations restricted to admins/Guest Inviter role. Guests set to most restricted role (Restricted Guest User).
