Workbook

Sheet 📊 Dashboard
B1: Inforcer Tier 1 Foundation Baseline — Deployment Playbook
B2: Omni Strategic Technologies | TAM Engagement Tracker
B4: Total Policies | C4: Not Started | D4: In Progress | E4: Done | F4: % Complete
B5: =COUNTA('✅ Checklist'!A:A)-1 -> 123 | C5: =COUNTIF('✅ Checklist'!J:J,"Not Started") -> 122 | D5: =COUNTIF('✅ Checklist'!J:J,"In Progress") -> 0 | E5: =COUNTIF('✅ Checklist'!J:J,"Done") -> 0 | F5: =IFERROR(E5/B5,0) -> 0
B7: Progress by Section
B8: Section | C8: Total | D8: Done | E8: In Progress | F8: % Done
B9: Collaboration — SharePoint & OneDrive | C9: =COUNTIF('✅ Checklist'!B:B,"Collaboration — SharePoint & OneDrive") -> 9 | D9: =COUNTIFS('✅ Checklist'!B:B,"Collaboration — SharePoint & OneDrive",'✅ Checklist'!J:J,"Done") -> 0 | E9: =COUNTIFS('✅ Checklist'!B:B,"Collaboration — SharePoint & OneDrive",'✅ Checklist'!J:J,"In Progress") -> 0 | F9: =IFERROR(D9/C9,0) -> 0
B10: Data Protection — Microsoft Purview | C10: =COUNTIF('✅ Checklist'!B:B,"Data Protection — Microsoft Purview") -> 1 | D10: =COUNTIFS('✅ Checklist'!B:B,"Data Protection — Microsoft Purview",'✅ Checklist'!J:J,"Done") -> 0 | E10: =COUNTIFS('✅ Checklist'!B:B,"Data Protection — Microsoft Purview",'✅ Checklist'!J:J,"In Progress") -> 0 | F10: =IFERROR(D10/C10,0) -> 0
B11: Email & Threat Protection | C11: =COUNTIF('✅ Checklist'!B:B,"Email & Threat Protection") -> 12 | D11: =COUNTIFS('✅ Checklist'!B:B,"Email & Threat Protection",'✅ Checklist'!J:J,"Done") -> 0 | E11: =COUNTIFS('✅ Checklist'!B:B,"Email & Threat Protection",'✅ Checklist'!J:J,"In Progress") -> 0 | F11: =IFERROR(D11/C11,0) -> 0
B12: Endpoint Management — Mobile | C12: =COUNTIF('✅ Checklist'!B:B,"Endpoint Management — Mobile") -> 3 | D12: =COUNTIFS('✅ Checklist'!B:B,"Endpoint Management — Mobile",'✅ Checklist'!J:J,"Done") -> 0 | E12: =COUNTIFS('✅ Checklist'!B:B,"Endpoint Management — Mobile",'✅ Checklist'!J:J,"In Progress") -> 0 | F12: =IFERROR(D12/C12,0) -> 0
B13: Endpoint Management — Windows | C13: =COUNTIF('✅ Checklist'!B:B,"Endpoint Management — Windows") -> 56 | D13: =COUNTIFS('✅ Checklist'!B:B,"Endpoint Management — Windows",'✅ Checklist'!J:J,"Done") -> 0 | E13: =COUNTIFS('✅ Checklist'!B:B,"Endpoint Management — Windows",'✅ Checklist'!J:J,"In Progress") -> 0 | F13: =IFERROR(D13/C13,0) -> 0
B14: Identity & Access — Authentication Methods | C14: =COUNTIF('✅ Checklist'!B:B,"Identity & Access — Authentication Methods") -> 24 | D14: =COUNTIFS('✅ Checklist'!B:B,"Identity & Access — Authentication Methods",'✅ Checklist'!J:J,"Done") -> 0 | E14: =COUNTIFS('✅ Checklist'!B:B,"Identity & Access — Authentication Methods",'✅ Checklist'!J:J,"In Progress") -> 0 | F14: =IFERROR(D14/C14,0) -> 0
B15: Identity & Access — Conditional Access | C15: =COUNTIF('✅ Checklist'!B:B,"Identity & Access — Conditional Access") -> 13 | D15: =COUNTIFS('✅ Checklist'!B:B,"Identity & Access — Conditional Access",'✅ Checklist'!J:J,"Done") -> 0 | E15: =COUNTIFS('✅ Checklist'!B:B,"Identity & Access — Conditional Access",'✅ Checklist'!J:J,"In Progress") -> 0 | F15: =IFERROR(D15/C15,0) -> 0
B16: M365 Admin Settings | C16: =COUNTIF('✅ Checklist'!B:B,"M365 Admin Settings") -> 3 | D16: =COUNTIFS('✅ Checklist'!B:B,"M365 Admin Settings",'✅ Checklist'!J:J,"Done") -> 0 | E16: =COUNTIFS('✅ Checklist'!B:B,"M365 Admin Settings",'✅ Checklist'!J:J,"In Progress") -> 0 | F16: =IFERROR(D16/C16,0) -> 0
B17: Microsoft Teams | C17: =COUNTIF('✅ Checklist'!B:B,"Microsoft Teams") -> 1 | D17: =COUNTIFS('✅ Checklist'!B:B,"Microsoft Teams",'✅ Checklist'!J:J,"Done") -> 0 | E17: =COUNTIFS('✅ Checklist'!B:B,"Microsoft Teams",'✅ Checklist'!J:J,"In Progress") -> 0 | F17: =IFERROR(D17/C17,0) -> 0
B20: Inforcer User Impact Legend
B21: HIGH Impact | C21: MEDIUM Impact | D21: LOW/NONE Impact | E21: Pre-deploy Check | F21: VDI / Compat Flag

Sheet ✅ Checklist
A1: Inforcer Tier 1 (Foundation) Baseline — Deployment Checklist
A2: # | B2: Section | C2: Policy Name | D2: Inforcer Impact | E2: What It Does | F2: What Users Will Experience | G2: Portal Path | H2: Auto-Remediable | I2: License | J2: Status | K2: Date Completed | L2: Tech | M2: Notes / Pre-Deploy Checks
A3: 1 | B3: Identity & Access — Conditional Access | C3: Core - Allow - MFA for Internal Users | D3: HIGH | E3: Requires all internal users to complete MFA when signing into Microsoft 365 apps. | F3: Users must verify identity with a second method (e.g., Authenticator or phone call). Users not yet registered for MFA will be prompted to set it up immediately. | G3: Entra ID > Protection > Conditional Access > Policies | H3: Y | I3: M365 BP / All Plans | J3: Not Started
A4: 2 | B4: Identity & Access — Conditional Access | C4: Core - Allow - MFA for Admins | D4: HIGH | E4: Requires admin accounts to use stronger MFA (via the Inforcer Authentication Strength policy) when signing in. | F4: Admins who don't currently use MFA — or use a weaker method — will be prompted or blocked until they register a compliant method. Direct impact on IT staff, not general users. | G4: Entra ID > Protection > Conditional Access > Policies | H4: Y | I4: M365 BP / All Plans | J4: Not Started
A5: 3 | B5: Identity & Access — Conditional Access | C5: Core - Allow - MFA for Guests (excl. B2B Guests) | D5: HIGH | E5: Requires external guest users (non-B2B) to complete MFA when accessing the organisation's Microsoft 365 resources. | F5: Guest users (e.g., contractors, external collaborators) will be required to verify their identity before accessing shared files or Teams. Guests not registered for MFA will be prompted at next sign-in. | G5: Entra ID > Protection > Conditional Access > Policies | H5: Y | I5: M365 BP / All Plans | J5: Not Started
A6: 4 | B6: Identity & Access — Conditional Access | C6: Core - Allow - MFA for B2B Guests | D6: MEDIUM | E6: Requires B2B (business-to-business) guest users from other Azure AD tenants to use MFA. | F6: Guests from partner organisations will need to complete MFA if their home tenant doesn't already enforce it. Impact depends on whether the guest's own tenant has MFA configured. | G6: Entra ID > Protection > Conditional Access > Policies | H6: Y | I6: M365 BP / All Plans | J6: Not Started
A7: 5 | B7: Identity & Access — Conditional Access | C7: Core - Require - MFA for Admin Portals | D7: MEDIUM | E7: Requires MFA specifically when accessing Microsoft admin portals (e.g., Entra admin center, Microsoft 365 admin center). | F7: IT administrators and anyone with admin portal access will need to MFA at each admin portal sign-in. Minimal impact on regular end users. | G7: Entra ID > Protection > Conditional Access > Policies | H7: Y | I7: M365 BP / All Plans | J7: Not Started
A8: 6 | B8: Identity & Access — Conditional Access | C8: Core - Block - Legacy Authentication | D8: HIGH | E8: Blocks all sign-in attempts using older authentication protocols (e.g., basic auth, IMAP, POP, older mail clients) that do not support MFA. | F8: Users relying on older email clients (older versions of Outlook, Apple Mail configured with basic auth, third-party mail apps) will stop receiving email or be blocked. They will need to switch to a modern client or reconfigure their account. One of the highest-impact policies for end users. | G8: Entra ID > Protection > Conditional Access > Policies | H8: Y | I8: M365 BP / All Plans | J8: Not Started
A9: 7 | B9: Identity & Access — Conditional Access | C9: Core - Block - Device Code Flow | D9: LOW/NONE | E9: Blocks the 'device code flow' authentication method, which is sometimes used by attackers to trick users into authenticating on their behalf. | F9: No visible change for most users. Users who have connected certain IoT or TV/display-based apps to Microsoft 365 may find those connections stop working. | G9: Entra ID > Protection > Conditional Access > Policies | H9: Y | I9: M365 BP / All Plans | J9: Not Started
A10: 8 | B10: Identity & Access — Conditional Access | C10: Core - Block - Authentication Transfer Flow | D10: LOW/NONE | E10: Blocks a lesser-known authentication method that can be exploited to transfer sessions across devices. | F10: Invisible to almost all users. No day-to-day workflow impact expected. | G10: Entra ID > Protection > Conditional Access > Policies | H10: Y | I10: M365 BP / All Plans | J10: Not Started
A11: 9 | B11: Identity & Access — Conditional Access | C11: Core - Require - Token Protection (Windows) | D11: HIGH | E11: Binds authentication tokens to the specific Windows device they were issued on, preventing token theft attacks. Pre-deployment requirement: audit app portfolio compatibility and confirm no VDI environments are in use before deploying. Has limited app compatibility — only apps that support Continuous Access Evaluation and token binding work correctly with it. | F11: Incompatible apps result in a hard sign-in failure. VDI environments (AVD, Citrix, RDS) break under Token Protection. Shared workstations (manufacturing, retail, healthcare) will see constant forced re-authentication. On compatible devices, users will be prompted to re-authenticate more frequently. | G11: Entra ID > Protection > Conditional Access > Policies | H11: Y | I11: M365 BP / All Plans | J11: Not Started
A12: 10 | B12: Identity & Access — Conditional Access | C12: Core - Require - Intune Enrollment Sign-In Frequency | D12: MEDIUM | E12: Requires re-authentication at a defined frequency for Intune-enrolled devices. | F12: Users on managed devices will occasionally be prompted to sign back in to Microsoft 365. Frequency depends on configuration. Minimal disruption for most users. | G12: Entra ID > Protection > Conditional Access > Policies | H12: Y | I12: M365 BP (Intune P1) | J12: Not Started
A13: 11 | B13: Identity & Access — Conditional Access | C13: MAM - Require - App Protection Policy for (Android/iOS) | D13: HIGH | E13: Requires mobile devices accessing Microsoft 365 to have an Intune App Protection Policy applied. Unmanaged phones without the policy will have restricted access. | F13: Mobile users who access company email or Teams on personal phones may find access restricted or be prompted to install the Microsoft Authenticator / Company Portal app and accept a management policy. This is a significant change for BYOD environments. | G13: Entra ID > Protection > Conditional Access > Policies | H13: Y | I13: M365 BP (Intune P1) | J13: Not Started
A14: 12 | B14: Identity & Access — Conditional Access | C14: Core - Allow - Browser Sessions for Unmanaged Devices | D14: MEDIUM | E14: Allows users on unmanaged (personal) devices to access Microsoft 365 through a web browser only — not through full desktop app access. | F14: Users on personal computers will be limited to browser-based access (e.g., Outlook on the web, Teams web app) and may not be able to sync files via OneDrive desktop client. Users accustomed to full desktop apps on personal PCs will notice the change. | G14: Entra ID > Protection > Conditional Access > Policies | H14: Y | I14: M365 BP / All Plans | J14: Not Started
... A124: 122 | B124: Microsoft Teams | C124: Global (Teams Meeting Policy) | D124: HIGH | E124: Comprehensive Teams meeting policy covering: lobby settings (only invited users bypass lobby), watermarks enabled on screen shares and camera video, recording expiration set to 120 days, anonymous users can join but cannot start meetings, local recording disabled (only cloud recording), external meeting chat blocked, copy restriction enabled, Copilot enabled with transcript, participant name changes disabled. | F124: Multiple visible changes: (1) Meeting recordings will automatically expire after 120 days — users relying on old recordings should be aware. (2) Watermarks will appear on shared screens and video — visible to all meeting participants. (3) External guests who were previously admitted directly may now be held in the lobby. (4) Participants cannot change their display name during meetings. (5) Local recording to a laptop is disabled — recordings go to OneDrive/SharePoint only. These are meaningful changes to the Teams meeting experience that benefit from advance notice. | G124: Teams Admin Center > Meetings > Meeting Policies | H124: Y | I124: M365 BP / All Plans | J124: Not Started

Sheet 🚫 Excluded Items
A1: Excluded / N/A Items — Move rows here when a control does not apply to this client
A2: # | B2: Section | C2: Policy Name | D2: Inforcer Impact | E2: License | F2: Reason Excluded | G2: Excluded By

Sheet 📖 How To Use
B1: How To Use This Playbook
B2: WORKFLOW
B3: Step 1 — New engagement | C3: Copy this file and rename it for the client (e.g., ClientName_Inforcer_Tier1_2026.xlsx). Do NOT work in the master template.
B4: Step 2 — Pre-deployment review | C4: Before pushing anything, review all HIGH user-impact rows (red in the Impact column). These require client communication before deployment. Prepare users for: MFA changes, blocking legacy auth, removing local admin rights, SharePoint anonymous link changes, and the Teams meeting policy overhaul.
B5: Step 3 — Pre-deployment checks | C5: Some policies have specific pre-deployment requirements — check the 'Notes / Pre-Deploy Checks' column, especially for: SmsAuthConfig, VoiceConfig, DefSecSettings, ExternalInOutlook, Token Protection (Windows), and Mail Flow General Settings.
B6: Step 4 — Push in Inforcer | C6: All policies marked Auto-Remediable = Y (green) are pushed directly from Inforcer. Start with LOW/NONE impact policies first, then MEDIUM, then HIGH after client communication.
B7: Step 5 — Manual configurations | C7: A small number of policies (N in column H) require manual steps outside Inforcer. Use the Portal Path column to navigate directly to the correct admin center location.
B8: Step 6 — Update status | C8: As you complete each row, set column J (Status) to 'Done', add the date in column K, and your initials in column L. Use 'Skipped' for conscious decisions not to deploy.
B9: Step 7 — Excluded items | C9: If a control doesn't apply (wrong license, client exception, VDI environment, etc.), cut the row and paste it into the 🚫 Excluded Items sheet with a reason noted.
B10: Step 8 — Dashboard review | C10: Check the 📊 Dashboard tab to review % complete per section before closing the engagement or handing off.
B12: COLUMN GUIDE
B13: Inforcer Impact | C13: HIGH (red) = Users will definitely notice; proactive communication required. MEDIUM (amber) = Some users may notice depending on workflow. LOW/NONE (green) = Backend or admin-level change; users unlikely to notice.
B14: Auto-Remediable (H) | C14: Y (green) = Inforcer can push this policy automatically via the Blueprint. N = requires manual configuration in the appropriate admin portal.
B15: License (I) | C15: Green cells = requires Microsoft 365 Business Premium or equivalent add-on (Entra P1, MDO P1, Intune P1, MDE P1). White = available on all M365 plans.
B16: Status options | C16: Not Started | In Progress | Done | Skipped (conscious decision not to deploy) | N/A (move row to 🚫 Excluded Items sheet)
B18: DEPLOYMENT ORDER — RECOMMENDED
B19: Phase 1 — Silent/safe first | C19: Push all LOW/NONE impact items that are auto-remediable. These deploy quietly with no user disruption. Good to push immediately after onboarding the tenant to Inforcer.
B20: Phase 2 — Communicate then push | C20: HIGH and MEDIUM impact policies should be batched and communicated to the client before deployment. Prepare a one-pager or email for users explaining: MFA setup, legacy auth block, local admin removal, SharePoint sharing changes, and Teams meeting policy changes.
B21: Phase 3 — Validate | C21: After deployment, verify compliance in Inforcer and confirm all policies show green (compliant) in the baseline report. Cross-reference with the checklist.
